date,hour,birth_year,sex,province,city,fp_num
2020-01-01,0,20,female,Seoul,Dobong-gu,19140
2020-01-01,0,20,male,Seoul,Dobong-gu,19950
2020-01-01,0,20,female,Seoul,Dongdaemun-gu,25450
2020-01-01,0,20,male,Seoul,Dongdaemun-gu,27050
2020-01-01,0,20,female,Seoul,Dongjag-gu,28880
2020-01-01,0,20,male,Seoul,Dongjag-gu,30350
2020-01-01,0,20,female,Seoul,Eunpyeong-gu,27750
2020-01-01,0,20,male,Seoul,Eunpyeong-gu,27910
2020-01-01,0,20,female,Seoul,Gangbuk-gu,19490
2020-01-01,0,20,male,Seoul,Gangbuk-gu,21940
2020-01-01,0,20,female,Seoul,Gangdong-gu,27800
2020-01-01,0,20,male,Seoul,Gangdong-gu,30390
2020-01-01,0,20,female,Seoul,Gangnam-gu,45680
2020-01-01,0,20,male,Seoul,Gangnam-gu,43680
2020-01-01,0,20,female,Seoul,Gangseo-gu,37780
2020-01-01,0,20,male,Seoul,Gangseo-gu,38300
2020-01-01,0,20,female,Seoul,Geumcheon-gu,14220
2020-01-01,0,20,male,Seoul,Geumcheon-gu,16100
2020-01-01,0,20,female,Seoul,Guro-gu,26040
2020-01-01,0,20,male,Seoul,Guro-gu,27080
2020-01-01,0,20,female,Seoul,Gwanak-gu,40440
2020-01-01,0,20,male,Seoul,Gwanak-gu,44900
2020-01-01,0,20,female,Seoul,Gwangjin-gu,32070
2020-01-01,0,20,male,Seoul,Gwangjin-gu,32720
2020-01-01,0,20,female,Seoul,Jongno-gu,19360
2020-01-01,0,20,male,Seoul,Jongno-gu,20460
2020-01-01,0,20,female,Seoul,Jung-gu,14710
2020-01-01,0,20,male,Seoul,Jung-gu,14720
2020-01-01,0,20,female,Seoul,Jungnang-gu,23820
2020-01-01,0,20,male,Seoul,Jungnang-gu,25030
2020-01-01,0,20,female,Seoul,Mapo-gu,39280
2020-01-01,0,20,male,Seoul,Mapo-gu,39820
2020-01-01,0,20,female,Seoul,Nowon-gu,34880
2020-01-01,0,20,male,Seoul,Nowon-gu,39500
2020-01-01,0,20,female,Seoul,Seocho-gu,32550
2020-01-01,0,20,male,Seoul,Seocho-gu,31520
2020-01-01,0,20,female,Seoul,Seodaemun-gu,25560
2020-01-01,0,20,male,Seoul,Seodaemun-gu,25540
2020-01-01,0,20,female,Seoul,Seongbuk-gu,29850
2020-01-01,0,20,male,Seoul,Seongbuk-gu,29770
2020-01-01,0,20,female,Seoul,Seongdong-gu,19970
2020-01-01,0,20,male,Seoul,Seongdong-gu,21330
2020-01-01,0,20,female,Seoul,Songpa-gu,48370
2020-01-01,0,20,male,Seoul,Songpa-gu,46370
2020-01-01,0,20,female,Seoul,Yangcheon-gu,27210
2020-01-01,0,20,male,Seoul,Yangcheon-gu,29620
2020-01-01,0,20,female,Seoul,Yeongdeungpo-gu,30130
2020-01-01,0,20,male,Seoul,Yeongdeungpo-gu,29670
2020-01-01,0,20,female,Seoul,Yongsan-gu,22320
2020-01-01,0,20,male,Seoul,Yongsan-gu,21710
2020-01-01,1,20,female,Seoul,Dobong-gu,19440
2020-01-01,1,20,male,Seoul,Dobong-gu,20440
2020-01-01,1,20,female,Seoul,Dongdaemun-gu,25510
2020-01-01,1,20,male,Seoul,Dongdaemun-gu,27250
2020-01-01,1,20,female,Seoul,Dongjag-gu,28730
2020-01-01,1,20,male,Seoul,Dongjag-gu,30170
2020-01-01,1,20,female,Seoul,Eunpyeong-gu,28330
2020-01-01,1,20,male,Seoul,Eunpyeong-gu,28380
2020-01-01,1,20,female,Seoul,Gangbuk-gu,19730
2020-01-01,1,20,male,Seoul,Gangbuk-gu,22090
2020-01-01,1,20,female,Seoul,Gangdong-gu,28050
2020-01-01,1,20,male,Seoul,Gangdong-gu,30530
2020-01-01,1,20,female,Seoul,Gangnam-gu,43370
2020-01-01,1,20,male,Seoul,Gangnam-gu,42070
2020-01-01,1,20,female,Seoul,Gangseo-gu,38390
2020-01-01,1,20,male,Seoul,Gangseo-gu,38630
2020-01-01,1,20,female,Seoul,Geumcheon-gu,14600
2020-01-01,1,20,male,Seoul,Geumcheon-gu,16520
2020-01-01,1,20,female,Seoul,Guro-gu,26130
2020-01-01,1,20,male,Seoul,Guro-gu,27040
2020-01-01,1,20,female,Seoul,Gwanak-gu,41280
2020-01-01,1,20,male,Seoul,Gwanak-gu,45750
2020-01-01,1,20,female,Seoul,Gwangjin-gu,31570
2020-01-01,1,20,male,Seoul,Gwangjin-gu,32680
2020-01-01,1,20,female,Seoul,Jongno-gu,16620
2020-01-01,1,20,male,Seoul,Jongno-gu,17360
2020-01-01,1,20,female,Seoul,Jung-gu,12330
2020-01-01,1,20,male,Seoul,Jung-gu,12490
2020-01-01,1,20,female,Seoul,Jungnang-gu,24440
2020-01-01,1,20,male,Seoul,Jungnang-gu,25490
2020-01-01,1,20,female,Seoul,Mapo-gu,38580
2020-01-01,1,20,male,Seoul,Mapo-gu,39200
2020-01-01,1,20,female,Seoul,Nowon-gu,35340
2020-01-01,1,20,male,Seoul,Nowon-gu,39850
2020-01-01,1,20,female,Seoul,Seocho-gu,31840
2020-01-01,1,20,male,Seoul,Seocho-gu,30700
2020-01-01,1,20,female,Seoul,Seodaemun-gu,25340
2020-01-01,1,20,male,Seoul,Seodaemun-gu,25170
2020-01-01,1,20,female,Seoul,Seongbuk-gu,30400
2020-01-01,1,20,male,Seoul,Seongbuk-gu,30110
2020-01-01,1,20,female,Seoul,Seongdong-gu,19740
2020-01-01,1,20,male,Seoul,Seongdong-gu,21010
2020-01-01,1,20,female,Seoul,Songpa-gu,47250
2020-01-01,1,20,male,Seoul,Songpa-gu,45770
2020-01-01,1,20,female,Seoul,Yangcheon-gu,27670
2020-01-01,1,20,male,Seoul,Yangcheon-gu,29890
2020-01-01,1,20,female,Seoul,Yeongdeungpo-gu,29240
2020-01-01,1,20,male,Seoul,Yeongdeungpo-gu,28860
2020-01-01,1,20,female,Seoul,Yongsan-gu,21320
2020-01-01,1,20,male,Seoul,Yongsan-gu,20900
2020-01-01,2,20,female,Seoul,Dobong-gu,19890
2020-01-01,2,20,male,Seoul,Dobong-gu,20950
2020-01-01,2,20,female,Seoul,Dongdaemun-gu,25310
2020-01-01,2,20,male,Seoul,Dongdaemun-gu,27350
2020-01-01,2,20,female,Seoul,Dongjag-gu,28240
2020-01-01,2,20,male,Seoul,Dongjag-gu,30100
2020-01-01,2,20,female,Seoul,Eunpyeong-gu,28640
2020-01-01,2,20,male,Seoul,Eunpyeong-gu,28520
2020-01-01,2,20,female,Seoul,Gangbuk-gu,19810
2020-01-01,2,20,male,Seoul,Gangbuk-gu,22000
2020-01-01,2,20,female,Seoul,Gangdong-gu,28330
2020-01-01,2,20,male,Seoul,Gangdong-gu,30650
2020-01-01,2,20,female,Seoul,Gangnam-gu,42900
2020-01-01,2,20,male,Seoul,Gangnam-gu,41540
2020-01-01,2,20,female,Seoul,Gangseo-gu,38350
2020-01-01,2,20,male,Seoul,Gangseo-gu,38520
2020-01-01,2,20,female,Seoul,Geumcheon-gu,14960
2020-01-01,2,20,male,Seoul,Geumcheon-gu,16650
2020-01-01,2,20,female,Seoul,Guro-gu,26060
2020-01-01,2,20,male,Seoul,Guro-gu,27070
2020-01-01,2,20,female,Seoul,Gwanak-gu,41840
2020-01-01,2,20,male,Seoul,Gwanak-gu,46000
2020-01-01,2,20,female,Seoul,Gwangjin-gu,31270
2020-01-01,2,20,male,Seoul,Gwangjin-gu,32310
2020-01-01,2,20,female,Seoul,Jongno-gu,15830
2020-01-01,2,20,male,Seoul,Jongno-gu,16440
2020-01-01,2,20,female,Seoul,Jung-gu,11780
2020-01-01,2,20,male,Seoul,Jung-gu,11910
2020-01-01,2,20,female,Seoul,Jungnang-gu,24880
2020-01-01,2,20,male,Seoul,Jungnang-gu,25670
2020-01-01,2,20,female,Seoul,Mapo-gu,37540
2020-01-01,2,20,male,Seoul,Mapo-gu,38490
2020-01-01,2,20,female,Seoul,Nowon-gu,34880
2020-01-01,2,20,male,Seoul,Nowon-gu,39540
2020-01-01,2,20,female,Seoul,Seocho-gu,31590
2020-01-01,2,20,male,Seoul,Seocho-gu,30380
2020-01-01,2,20,female,Seoul,Seodaemun-gu,25410
2020-01-01,2,20,male,Seoul,Seodaemun-gu,24930
2020-01-01,2,20,female,Seoul,Seongbuk-gu,30720
2020-01-01,2,20,male,Seoul,Seongbuk-gu,30240
2020-01-01,2,20,female,Seoul,Seongdong-gu,19760
2020-01-01,2,20,male,Seoul,Seongdong-gu,20850
2020-01-01,2,20,female,Seoul,Songpa-gu,45450
2020-01-01,2,20,male,Seoul,Songpa-gu,44890
2020-01-01,2,20,female,Seoul,Yangcheon-gu,28030
2020-01-01,2,20,male,Seoul,Yangcheon-gu,30210
2020-01-01,2,20,female,Seoul,Yeongdeungpo-gu,28710
2020-01-01,2,20,male,Seoul,Yeongdeungpo-gu,28290
2020-01-01,2,20,female,Seoul,Yongsan-gu,20720
2020-01-01,2,20,male,Seoul,Yongsan-gu,20410
2020-01-01,3,20,female,Seoul,Dobong-gu,20250
2020-01-01,3,20,male,Seoul,Dobong-gu,21360
2020-01-01,3,20,female,Seoul,Dongdaemun-gu,25480
2020-01-01,3,20,male,Seoul,Dongdaemun-gu,27370
2020-01-01,3,20,female,Seoul,Dongjag-gu,28360
2020-01-01,3,20,male,Seoul,Dongjag-gu,29930
2020-01-01,3,20,female,Seoul,Eunpyeong-gu,28910
2020-01-01,3,20,male,Seoul,Eunpyeong-gu,28680
2020-01-01,3,20,female,Seoul,Gangbuk-gu,19740
2020-01-01,3,20,male,Seoul,Gangbuk-gu,21690
2020-01-01,3,20,female,Seoul,Gangdong-gu,28130
2020-01-01,3,20,male,Seoul,Gangdong-gu,30670
2020-01-01,3,20,female,Seoul,Gangnam-gu,42050
2020-01-01,3,20,male,Seoul,Gangnam-gu,40920
2020-01-01,3,20,female,Seoul,Gangseo-gu,38470
2020-01-01,3,20,male,Seoul,Gangseo-gu,38360
2020-01-01,3,20,female,Seoul,Geumcheon-gu,15010
2020-01-01,3,20,male,Seoul,Geumcheon-gu,16830
2020-01-01,3,20,female,Seoul,Guro-gu,25970
2020-01-01,3,20,male,Seoul,Guro-gu,27040
2020-01-01,3,20,female,Seoul,Gwanak-gu,42170
2020-01-01,3,20,male,Seoul,Gwanak-gu,45910
2020-01-01,3,20,female,Seoul,Gwangjin-gu,30990
2020-01-01,3,20,male,Seoul,Gwangjin-gu,31940
2020-01-01,3,20,female,Seoul,Jongno-gu,15480
2020-01-01,3,20,male,Seoul,Jongno-gu,15750
2020-01-01,3,20,female,Seoul,Jung-gu,11310
2020-01-01,3,20,male,Seoul,Jung-gu,11460
2020-01-01,3,20,female,Seoul,Jungnang-gu,25160
2020-01-01,3,20,male,Seoul,Jungnang-gu,25980
2020-01-01,3,20,female,Seoul,Mapo-gu,36760
2020-01-01,3,20,male,Seoul,Mapo-gu,37160
2020-01-01,3,20,female,Seoul,Nowon-gu,34770
2020-01-01,3,20,male,Seoul,Nowon-gu,39190
2020-01-01,3,20,female,Seoul,Seocho-gu,31560
2020-01-01,3,20,male,Seoul,Seocho-gu,29780
2020-01-01,3,20,female,Seoul,Seodaemun-gu,25240
2020-01-01,3,20,male,Seoul,Seodaemun-gu,24550
2020-01-01,3,20,female,Seoul,Seongbuk-gu,30810
2020-01-01,3,20,male,Seoul,Seongbuk-gu,30260
2020-01-01,3,20,female,Seoul,Seongdong-gu,19750
2020-01-01,3,20,male,Seoul,Seongdong-gu,20890
2020-01-01,3,20,female,Seoul,Songpa-gu,44900
2020-01-01,3,20,male,Seoul,Songpa-gu,44490
2020-01-01,3,20,female,Seoul,Yangcheon-gu,28190
2020-01-01,3,20,male,Seoul,Yangcheon-gu,30400
2020-01-01,3,20,female,Seoul,Yeongdeungpo-gu,28270
2020-01-01,3,20,male,Seoul,Yeongdeungpo-gu,27960
2020-01-01,3,20,female,Seoul,Yongsan-gu,20150
2020-01-01,3,20,male,Seoul,Yongsan-gu,19700
2020-01-01,4,20,female,Seoul,Dobong-gu,20490
2020-01-01,4,20,male,Seoul,Dobong-gu,21730
2020-01-01,4,20,female,Seoul,Dongdaemun-gu,25560
2020-01-01,4,20,male,Seoul,Dongdaemun-gu,27480
2020-01-01,4,20,female,Seoul,Dongjag-gu,28510
2020-01-01,4,20,male,Seoul,Dongjag-gu,30010
2020-01-01,4,20,female,Seoul,Eunpyeong-gu,28860
2020-01-01,4,20,male,Seoul,Eunpyeong-gu,28850
2020-01-01,4,20,female,Seoul,Gangbuk-gu,19640
2020-01-01,4,20,male,Seoul,Gangbuk-gu,21510
2020-01-01,4,20,female,Seoul,Gangdong-gu,28090
2020-01-01,4,20,male,Seoul,Gangdong-gu,30440
2020-01-01,4,20,female,Seoul,Gangnam-gu,41620
2020-01-01,4,20,male,Seoul,Gangnam-gu,40600
2020-01-01,4,20,female,Seoul,Gangseo-gu,38660
2020-01-01,4,20,male,Seoul,Gangseo-gu,38330
2020-01-01,4,20,female,Seoul,Geumcheon-gu,15200
2020-01-01,4,20,male,Seoul,Geumcheon-gu,17090
2020-01-01,4,20,female,Seoul,Guro-gu,26010
2020-01-01,4,20,male,Seoul,Guro-gu,27020
2020-01-01,4,20,female,Seoul,Gwanak-gu,42210
2020-01-01,4,20,male,Seoul,Gwanak-gu,45780
2020-01-01,4,20,female,Seoul,Gwangjin-gu,30770
2020-01-01,4,20,male,Seoul,Gwangjin-gu,31470
2020-01-01,4,20,female,Seoul,Jongno-gu,15200
2020-01-01,4,20,male,Seoul,Jongno-gu,15440
2020-01-01,4,20,female,Seoul,Jung-gu,11190
2020-01-01,4,20,male,Seoul,Jung-gu,11240
2020-01-01,4,20,female,Seoul,Jungnang-gu,25230
2020-01-01,4,20,male,Seoul,Jungnang-gu,26160
2020-01-01,4,20,female,Seoul,Mapo-gu,35940
2020-01-01,4,20,male,Seoul,Mapo-gu,36400
2020-01-01,4,20,female,Seoul,Nowon-gu,34700
2020-01-01,4,20,male,Seoul,Nowon-gu,38830
2020-01-01,4,20,female,Seoul,Seocho-gu,31090
2020-01-01,4,20,male,Seoul,Seocho-gu,29250
2020-01-01,4,20,female,Seoul,Seodaemun-gu,25370
2020-01-01,4,20,male,Seoul,Seodaemun-gu,24420
2020-01-01,4,20,female,Seoul,Seongbuk-gu,30870
2020-01-01,4,20,male,Seoul,Seongbuk-gu,30460
2020-01-01,4,20,female,Seoul,Seongdong-gu,19790
2020-01-01,4,20,male,Seoul,Seongdong-gu,21040
2020-01-01,4,20,female,Seoul,Songpa-gu,44410
2020-01-01,4,20,male,Seoul,Songpa-gu,44300
2020-01-01,4,20,female,Seoul,Yangcheon-gu,28280
2020-01-01,4,20,male,Seoul,Yangcheon-gu,30610
2020-01-01,4,20,female,Seoul,Yeongdeungpo-gu,28200
2020-01-01,4,20,male,Seoul,Yeongdeungpo-gu,27840
2020-01-01,4,20,female,Seoul,Yongsan-gu,19670
2020-01-01,4,20,male,Seoul,Yongsan-gu,19230
2020-01-01,5,20,female,Seoul,Dobong-gu,20630
2020-01-01,5,20,male,Seoul,Dobong-gu,22080
2020-01-01,5,20,female,Seoul,Dongdaemun-gu,25480
2020-01-01,5,20,male,Seoul,Dongdaemun-gu,27580
2020-01-01,5,20,female,Seoul,Dongjag-gu,28720
2020-01-01,5,20,male,Seoul,Dongjag-gu,30210
2020-01-01,5,20,female,Seoul,Eunpyeong-gu,28880
2020-01-01,5,20,male,Seoul,Eunpyeong-gu,28800
2020-01-01,5,20,female,Seoul,Gangbuk-gu,19490
2020-01-01,5,20,male,Seoul,Gangbuk-gu,21310
2020-01-01,5,20,female,Seoul,Gangdong-gu,28110
2020-01-01,5,20,male,Seoul,Gangdong-gu,30360
2020-01-01,5,20,female,Seoul,Gangnam-gu,41510
2020-01-01,5,20,male,Seoul,Gangnam-gu,40270
2020-01-01,5,20,female,Seoul,Gangseo-gu,39110
2020-01-01,5,20,male,Seoul,Gangseo-gu,38560
2020-01-01,5,20,female,Seoul,Geumcheon-gu,15350
2020-01-01,5,20,male,Seoul,Geumcheon-gu,17390
2020-01-01,5,20,female,Seoul,Guro-gu,26430
2020-01-01,5,20,male,Seoul,Guro-gu,27690
2020-01-01,5,20,female,Seoul,Gwanak-gu,42070
2020-01-01,5,20,male,Seoul,Gwanak-gu,45390
2020-01-01,5,20,female,Seoul,Gwangjin-gu,30750
2020-01-01,5,20,male,Seoul,Gwangjin-gu,31330
2020-01-01,5,20,female,Seoul,Jongno-gu,15040
2020-01-01,5,20,male,Seoul,Jongno-gu,15090
2020-01-01,5,20,female,Seoul,Jung-gu,11670
2020-01-01,5,20,male,Seoul,Jung-gu,11710
2020-01-01,5,20,female,Seoul,Jungnang-gu,25350
2020-01-01,5,20,male,Seoul,Jungnang-gu,26310
2020-01-01,5,20,female,Seoul,Mapo-gu,34100
2020-01-01,5,20,male,Seoul,Mapo-gu,34480
2020-01-01,5,20,female,Seoul,Nowon-gu,34510
2020-01-01,5,20,male,Seoul,Nowon-gu,38420
2020-01-01,5,20,female,Seoul,Seocho-gu,30670
2020-01-01,5,20,male,Seoul,Seocho-gu,29200
2020-01-01,5,20,female,Seoul,Seodaemun-gu,25270
2020-01-01,5,20,male,Seoul,Seodaemun-gu,24180
2020-01-01,5,20,female,Seoul,Seongbuk-gu,30740
2020-01-01,5,20,male,Seoul,Seongbuk-gu,30400
2020-01-01,5,20,female,Seoul,Seongdong-gu,20190
2020-01-01,5,20,male,Seoul,Seongdong-gu,21460
2020-01-01,5,20,female,Seoul,Songpa-gu,44140
2020-01-01,5,20,male,Seoul,Songpa-gu,44120
2020-01-01,5,20,female,Seoul,Yangcheon-gu,28350
2020-01-01,5,20,male,Seoul,Yangcheon-gu,30780
2020-01-01,5,20,female,Seoul,Yeongdeungpo-gu,28370
2020-01-01,5,20,male,Seoul,Yeongdeungpo-gu,28010
2020-01-01,5,20,female,Seoul,Yongsan-gu,18880
2020-01-01,5,20,male,Seoul,Yongsan-gu,18260
2020-01-01,6,20,female,Seoul,Dobong-gu,20750
2020-01-01,6,20,male,Seoul,Dobong-gu,22390
2020-01-01,6,20,female,Seoul,Dongdaemun-gu,25370
2020-01-01,6,20,male,Seoul,Dongdaemun-gu,27520
2020-01-01,6,20,female,Seoul,Dongjag-gu,28680
2020-01-01,6,20,male,Seoul,Dongjag-gu,30270
2020-01-01,6,20,female,Seoul,Eunpyeong-gu,28700
2020-01-01,6,20,male,Seoul,Eunpyeong-gu,28830
2020-01-01,6,20,female,Seoul,Gangbuk-gu,19330
2020-01-01,6,20,male,Seoul,Gangbuk-gu,21100
2020-01-01,6,20,female,Seoul,Gangdong-gu,27910
2020-01-01,6,20,male,Seoul,Gangdong-gu,30300
2020-01-01,6,20,female,Seoul,Gangnam-gu,41050
2020-01-01,6,20,male,Seoul,Gangnam-gu,39660
2020-01-01,6,20,female,Seoul,Gangseo-gu,39360
2020-01-01,6,20,male,Seoul,Gangseo-gu,38580
2020-01-01,6,20,female,Seoul,Geumcheon-gu,15300
2020-01-01,6,20,male,Seoul,Geumcheon-gu,17600
2020-01-01,6,20,female,Seoul,Guro-gu,26070
2020-01-01,6,20,male,Seoul,Guro-gu,27390
2020-01-01,6,20,female,Seoul,Gwanak-gu,41770
2020-01-01,6,20,male,Seoul,Gwanak-gu,44990
2020-01-01,6,20,female,Seoul,Gwangjin-gu,31090
2020-01-01,6,20,male,Seoul,Gwangjin-gu,30890
2020-01-01,6,20,female,Seoul,Jongno-gu,14990
2020-01-01,6,20,male,Seoul,Jongno-gu,14720
2020-01-01,6,20,female,Seoul,Jung-gu,11430
2020-01-01,6,20,male,Seoul,Jung-gu,11250
2020-01-01,6,20,female,Seoul,Jungnang-gu,25240
2020-01-01,6,20,male,Seoul,Jungnang-gu,26510
2020-01-01,6,20,female,Seoul,Mapo-gu,32910
2020-01-01,6,20,male,Seoul,Mapo-gu,32360
2020-01-01,6,20,female,Seoul,Nowon-gu,34230
2020-01-01,6,20,male,Seoul,Nowon-gu,38090
2020-01-01,6,20,female,Seoul,Seocho-gu,29900
2020-01-01,6,20,male,Seoul,Seocho-gu,28450
2020-01-01,6,20,female,Seoul,Seodaemun-gu,25020
2020-01-01,6,20,male,Seoul,Seodaemun-gu,24050
2020-01-01,6,20,female,Seoul,Seongbuk-gu,30560
2020-01-01,6,20,male,Seoul,Seongbuk-gu,30370
2020-01-01,6,20,female,Seoul,Seongdong-gu,20150
2020-01-01,6,20,male,Seoul,Seongdong-gu,21610
2020-01-01,6,20,female,Seoul,Songpa-gu,43820
2020-01-01,6,20,male,Seoul,Songpa-gu,43870
2020-01-01,6,20,female,Seoul,Yangcheon-gu,28210
2020-01-01,6,20,male,Seoul,Yangcheon-gu,30890
2020-01-01,6,20,female,Seoul,Yeongdeungpo-gu,28580
2020-01-01,6,20,male,Seoul,Yeongdeungpo-gu,28320
2020-01-01,6,20,female,Seoul,Yongsan-gu,17850
2020-01-01,6,20,male,Seoul,Yongsan-gu,17180
2020-01-01,7,20,female,Seoul,Dobong-gu,20580
2020-01-01,7,20,male,Seoul,Dobong-gu,22290
2020-01-01,7,20,female,Seoul,Dongdaemun-gu,25280
2020-01-01,7,20,male,Seoul,Dongdaemun-gu,27600
2020-01-01,7,20,female,Seoul,Dongjag-gu,28850
2020-01-01,7,20,male,Seoul,Dongjag-gu,30500
2020-01-01,7,20,female,Seoul,Eunpyeong-gu,28400
2020-01-01,7,20,male,Seoul,Eunpyeong-gu,28620
2020-01-01,7,20,female,Seoul,Gangbuk-gu,19160
2020-01-01,7,20,male,Seoul,Gangbuk-gu,20750
2020-01-01,7,20,female,Seoul,Gangdong-gu,27850
2020-01-01,7,20,male,Seoul,Gangdong-gu,30020
2020-01-01,7,20,female,Seoul,Gangnam-gu,40890
2020-01-01,7,20,male,Seoul,Gangnam-gu,39650
2020-01-01,7,20,female,Seoul,Gangseo-gu,39160
2020-01-01,7,20,male,Seoul,Gangseo-gu,38560
2020-01-01,7,20,female,Seoul,Geumcheon-gu,15300
2020-01-01,7,20,male,Seoul,Geumcheon-gu,17410
2020-01-01,7,20,female,Seoul,Guro-gu,26030
2020-01-01,7,20,male,Seoul,Guro-gu,27280
2020-01-01,7,20,female,Seoul,Gwanak-gu,41430
2020-01-01,7,20,male,Seoul,Gwanak-gu,44450
2020-01-01,7,20,female,Seoul,Gwangjin-gu,30830
2020-01-01,7,20,male,Seoul,Gwangjin-gu,30530
2020-01-01,7,20,female,Seoul,Jongno-gu,15160
2020-01-01,7,20,male,Seoul,Jongno-gu,15140
2020-01-01,7,20,female,Seoul,Jung-gu,11700
2020-01-01,7,20,male,Seoul,Jung-gu,11720
2020-01-01,7,20,female,Seoul,Jungnang-gu,24950
2020-01-01,7,20,male,Seoul,Jungnang-gu,26410
2020-01-01,7,20,female,Seoul,Mapo-gu,32030
2020-01-01,7,20,male,Seoul,Mapo-gu,30590
2020-01-01,7,20,female,Seoul,Nowon-gu,33930
2020-01-01,7,20,male,Seoul,Nowon-gu,37720
2020-01-01,7,20,female,Seoul,Seocho-gu,29380
2020-01-01,7,20,male,Seoul,Seocho-gu,28030
2020-01-01,7,20,female,Seoul,Seodaemun-gu,24830
2020-01-01,7,20,male,Seoul,Seodaemun-gu,24040
2020-01-01,7,20,female,Seoul,Seongbuk-gu,30590
2020-01-01,7,20,male,Seoul,Seongbuk-gu,30450
2020-01-01,7,20,female,Seoul,Seongdong-gu,20260
2020-01-01,7,20,male,Seoul,Seongdong-gu,21680
2020-01-01,7,20,female,Seoul,Songpa-gu,43570
2020-01-01,7,20,male,Seoul,Songpa-gu,43920
2020-01-01,7,20,female,Seoul,Yangcheon-gu,28080
2020-01-01,7,20,male,Seoul,Yangcheon-gu,30790
2020-01-01,7,20,female,Seoul,Yeongdeungpo-gu,28840
2020-01-01,7,20,male,Seoul,Yeongdeungpo-gu,28560
2020-01-01,7,20,female,Seoul,Yongsan-gu,17740
2020-01-01,7,20,male,Seoul,Yongsan-gu,16820
2020-01-01,8,20,female,Seoul,Dobong-gu,20550
2020-01-01,8,20,male,Seoul,Dobong-gu,22160
2020-01-01,8,20,female,Seoul,Dongdaemun-gu,25370
2020-01-01,8,20,male,Seoul,Dongdaemun-gu,27820
2020-01-01,8,20,female,Seoul,Dongjag-gu,29060
2020-01-01,8,20,male,Seoul,Dongjag-gu,31220
2020-01-01,8,20,female,Seoul,Eunpyeong-gu,28370
2020-01-01,8,20,male,Seoul,Eunpyeong-gu,28970
2020-01-01,8,20,female,Seoul,Gangbuk-gu,19010
2020-01-01,8,20,male,Seoul,Gangbuk-gu,20710
2020-01-01,8,20,female,Seoul,Gangdong-gu,27480
2020-01-01,8,20,male,Seoul,Gangdong-gu,29980
2020-01-01,8,20,female,Seoul,Gangnam-gu,41950
2020-01-01,8,20,male,Seoul,Gangnam-gu,40140
2020-01-01,8,20,female,Seoul,Gangseo-gu,38930
2020-01-01,8,20,male,Seoul,Gangseo-gu,38670
2020-01-01,8,20,female,Seoul,Geumcheon-gu,15330
2020-01-01,8,20,male,Seoul,Geumcheon-gu,17550
2020-01-01,8,20,female,Seoul,Guro-gu,26190
2020-01-01,8,20,male,Seoul,Guro-gu,27620
2020-01-01,8,20,female,Seoul,Gwanak-gu,41420
2020-01-01,8,20,male,Seoul,Gwanak-gu,44650
2020-01-01,8,20,female,Seoul,Gwangjin-gu,30280
2020-01-01,8,20,male,Seoul,Gwangjin-gu,30050
2020-01-01,8,20,female,Seoul,Jongno-gu,15330
2020-01-01,8,20,male,Seoul,Jongno-gu,15860
2020-01-01,8,20,female,Seoul,Jung-gu,12790
2020-01-01,8,20,male,Seoul,Jung-gu,12530
2020-01-01,8,20,female,Seoul,Jungnang-gu,24990
2020-01-01,8,20,male,Seoul,Jungnang-gu,26460
2020-01-01,8,20,female,Seoul,Mapo-gu,30860
2020-01-01,8,20,male,Seoul,Mapo-gu,29000
2020-01-01,8,20,female,Seoul,Nowon-gu,33770
2020-01-01,8,20,male,Seoul,Nowon-gu,37610
2020-01-01,8,20,female,Seoul,Seocho-gu,29640
2020-01-01,8,20,male,Seoul,Seocho-gu,28450
2020-01-01,8,20,female,Seoul,Seodaemun-gu,24970
2020-01-01,8,20,male,Seoul,Seodaemun-gu,24170
2020-01-01,8,20,female,Seoul,Seongbuk-gu,30560
2020-01-01,8,20,male,Seoul,Seongbuk-gu,30790
2020-01-01,8,20,female,Seoul,Seongdong-gu,19930
2020-01-01,8,20,male,Seoul,Seongdong-gu,21580
2020-01-01,8,20,female,Seoul,Songpa-gu,43870
2020-01-01,8,20,male,Seoul,Songpa-gu,44010
2020-01-01,8,20,female,Seoul,Yangcheon-gu,28090
2020-01-01,8,20,male,Seoul,Yangcheon-gu,30550
2020-01-01,8,20,female,Seoul,Yeongdeungpo-gu,28650
2020-01-01,8,20,male,Seoul,Yeongdeungpo-gu,28470
2020-01-01,8,20,female,Seoul,Yongsan-gu,17130
2020-01-01,8,20,male,Seoul,Yongsan-gu,16500
2020-01-01,9,20,female,Seoul,Dobong-gu,20280
2020-01-01,9,20,male,Seoul,Dobong-gu,22210
2020-01-01,9,20,female,Seoul,Dongdaemun-gu,25200
2020-01-01,9,20,male,Seoul,Dongdaemun-gu,27520
2020-01-01,9,20,female,Seoul,Dongjag-gu,29130
2020-01-01,9,20,male,Seoul,Dongjag-gu,31270
2020-01-01,9,20,female,Seoul,Eunpyeong-gu,28170
2020-01-01,9,20,male,Seoul,Eunpyeong-gu,28670
2020-01-01,9,20,female,Seoul,Gangbuk-gu,18790
2020-01-01,9,20,male,Seoul,Gangbuk-gu,20470
2020-01-01,9,20,female,Seoul,Gangdong-gu,27500
2020-01-01,9,20,male,Seoul,Gangdong-gu,29890
2020-01-01,9,20,female,Seoul,Gangnam-gu,43340
2020-01-01,9,20,male,Seoul,Gangnam-gu,41350
2020-01-01,9,20,female,Seoul,Gangseo-gu,38830
2020-01-01,9,20,male,Seoul,Gangseo-gu,38580
2020-01-01,9,20,female,Seoul,Geumcheon-gu,15490
2020-01-01,9,20,male,Seoul,Geumcheon-gu,17610
2020-01-01,9,20,female,Seoul,Guro-gu,26510
2020-01-01,9,20,male,Seoul,Guro-gu,27960
2020-01-01,9,20,female,Seoul,Gwanak-gu,41170
2020-01-01,9,20,male,Seoul,Gwanak-gu,44420
2020-01-01,9,20,female,Seoul,Gwangjin-gu,29440
2020-01-01,9,20,male,Seoul,Gwangjin-gu,29470
2020-01-01,9,20,female,Seoul,Jongno-gu,15760
2020-01-01,9,20,male,Seoul,Jongno-gu,16200
2020-01-01,9,20,female,Seoul,Jung-gu,13440
2020-01-01,9,20,male,Seoul,Jung-gu,13120
2020-01-01,9,20,female,Seoul,Jungnang-gu,24840
2020-01-01,9,20,male,Seoul,Jungnang-gu,26280
2020-01-01,9,20,female,Seoul,Mapo-gu,30590
2020-01-01,9,20,male,Seoul,Mapo-gu,28700
2020-01-01,9,20,female,Seoul,Nowon-gu,33560
2020-01-01,9,20,male,Seoul,Nowon-gu,37480
2020-01-01,9,20,female,Seoul,Seocho-gu,30240
2020-01-01,9,20,male,Seoul,Seocho-gu,28660
2020-01-01,9,20,female,Seoul,Seodaemun-gu,24930
2020-01-01,9,20,male,Seoul,Seodaemun-gu,24250
2020-01-01,9,20,female,Seoul,Seongbuk-gu,30320
2020-01-01,9,20,male,Seoul,Seongbuk-gu,30520
2020-01-01,9,20,female,Seoul,Seongdong-gu,20120
2020-01-01,9,20,male,Seoul,Seongdong-gu,21750
2020-01-01,9,20,female,Seoul,Songpa-gu,44640
2020-01-01,9,20,male,Seoul,Songpa-gu,44750
2020-01-01,9,20,female,Seoul,Yangcheon-gu,27720
2020-01-01,9,20,male,Seoul,Yangcheon-gu,30650
2020-01-01,9,20,female,Seoul,Yeongdeungpo-gu,28790
2020-01-01,9,20,male,Seoul,Yeongdeungpo-gu,28710
2020-01-01,9,20,female,Seoul,Yongsan-gu,17340
2020-01-01,9,20,male,Seoul,Yongsan-gu,16670
2020-01-01,10,20,female,Seoul,Dobong-gu,20090
2020-01-01,10,20,male,Seoul,Dobong-gu,21820
2020-01-01,10,20,female,Seoul,Dongdaemun-gu,25060
2020-01-01,10,20,male,Seoul,Dongdaemun-gu,27410
2020-01-01,10,20,female,Seoul,Dongjag-gu,29100
2020-01-01,10,20,male,Seoul,Dongjag-gu,31440
2020-01-01,10,20,female,Seoul,Eunpyeong-gu,27960
2020-01-01,10,20,male,Seoul,Eunpyeong-gu,28360
2020-01-01,10,20,female,Seoul,Gangbuk-gu,18480
2020-01-01,10,20,male,Seoul,Gangbuk-gu,20200
2020-01-01,10,20,female,Seoul,Gangdong-gu,27070
2020-01-01,10,20,male,Seoul,Gangdong-gu,29890
2020-01-01,10,20,female,Seoul,Gangnam-gu,44530
2020-01-01,10,20,male,Seoul,Gangnam-gu,42350
2020-01-01,10,20,female,Seoul,Gangseo-gu,38970
2020-01-01,10,20,male,Seoul,Gangseo-gu,38690
2020-01-01,10,20,female,Seoul,Geumcheon-gu,15560
2020-01-01,10,20,male,Seoul,Geumcheon-gu,17730
2020-01-01,10,20,female,Seoul,Guro-gu,26690
2020-01-01,10,20,male,Seoul,Guro-gu,28060
2020-01-01,10,20,female,Seoul,Gwanak-gu,40840
2020-01-01,10,20,male,Seoul,Gwanak-gu,44110
2020-01-01,10,20,female,Seoul,Gwangjin-gu,29070
2020-01-01,10,20,male,Seoul,Gwangjin-gu,29210
2020-01-01,10,20,female,Seoul,Jongno-gu,16430
2020-01-01,10,20,male,Seoul,Jongno-gu,16700
2020-01-01,10,20,female,Seoul,Jung-gu,14530
2020-01-01,10,20,male,Seoul,Jung-gu,13720
2020-01-01,10,20,female,Seoul,Jungnang-gu,24720
2020-01-01,10,20,male,Seoul,Jungnang-gu,26030
2020-01-01,10,20,female,Seoul,Mapo-gu,30800
2020-01-01,10,20,male,Seoul,Mapo-gu,28600
2020-01-01,10,20,female,Seoul,Nowon-gu,33540
2020-01-01,10,20,male,Seoul,Nowon-gu,37310
2020-01-01,10,20,female,Seoul,Seocho-gu,30710
2020-01-01,10,20,male,Seoul,Seocho-gu,29040
2020-01-01,10,20,female,Seoul,Seodaemun-gu,25060
2020-01-01,10,20,male,Seoul,Seodaemun-gu,24410
2020-01-01,10,20,female,Seoul,Seongbuk-gu,30040
2020-01-01,10,20,male,Seoul,Seongbuk-gu,30540
2020-01-01,10,20,female,Seoul,Seongdong-gu,20110
2020-01-01,10,20,male,Seoul,Seongdong-gu,21960
2020-01-01,10,20,female,Seoul,Songpa-gu,45250
2020-01-01,10,20,male,Seoul,Songpa-gu,45190
2020-01-01,10,20,female,Seoul,Yangcheon-gu,27510
2020-01-01,10,20,male,Seoul,Yangcheon-gu,30420
2020-01-01,10,20,female,Seoul,Yeongdeungpo-gu,28880
2020-01-01,10,20,male,Seoul,Yeongdeungpo-gu,29070
2020-01-01,10,20,female,Seoul,Yongsan-gu,17580
2020-01-01,10,20,male,Seoul,Yongsan-gu,16560
2020-01-01,11,20,female,Seoul,Dobong-gu,19710
2020-01-01,11,20,male,Seoul,Dobong-gu,21580
2020-01-01,11,20,female,Seoul,Dongdaemun-gu,24710
2020-01-01,11,20,male,Seoul,Dongdaemun-gu,27330
2020-01-01,11,20,female,Seoul,Dongjag-gu,29320
2020-01-01,11,20,male,Seoul,Dongjag-gu,31550
2020-01-01,11,20,female,Seoul,Eunpyeong-gu,27490
2020-01-01,11,20,male,Seoul,Eunpyeong-gu,28020
2020-01-01,11,20,female,Seoul,Gangbuk-gu,18470
2020-01-01,11,20,male,Seoul,Gangbuk-gu,20090
2020-01-01,11,20,female,Seoul,Gangdong-gu,26640
2020-01-01,11,20,male,Seoul,Gangdong-gu,29630
2020-01-01,11,20,female,Seoul,Gangnam-gu,45570
2020-01-01,11,20,male,Seoul,Gangnam-gu,43240
2020-01-01,11,20,female,Seoul,Gangseo-gu,38770
2020-01-01,11,20,male,Seoul,Gangseo-gu,38440
2020-01-01,11,20,female,Seoul,Geumcheon-gu,15530
2020-01-01,11,20,male,Seoul,Geumcheon-gu,17830
2020-01-01,11,20,female,Seoul,Guro-gu,26370
2020-01-01,11,20,male,Seoul,Guro-gu,27920
2020-01-01,11,20,female,Seoul,Gwanak-gu,40280
2020-01-01,11,20,male,Seoul,Gwanak-gu,43570
2020-01-01,11,20,female,Seoul,Gwangjin-gu,29080
2020-01-01,11,20,male,Seoul,Gwangjin-gu,29240
2020-01-01,11,20,female,Seoul,Jongno-gu,17640
2020-01-01,11,20,male,Seoul,Jongno-gu,17670
2020-01-01,11,20,female,Seoul,Jung-gu,15780
2020-01-01,11,20,male,Seoul,Jung-gu,14790
2020-01-01,11,20,female,Seoul,Jungnang-gu,24390
2020-01-01,11,20,male,Seoul,Jungnang-gu,25940
2020-01-01,11,20,female,Seoul,Mapo-gu,31690
2020-01-01,11,20,male,Seoul,Mapo-gu,29430
2020-01-01,11,20,female,Seoul,Nowon-gu,33380
2020-01-01,11,20,male,Seoul,Nowon-gu,37180
2020-01-01,11,20,female,Seoul,Seocho-gu,31360
2020-01-01,11,20,male,Seoul,Seocho-gu,29320
2020-01-01,11,20,female,Seoul,Seodaemun-gu,25110
2020-01-01,11,20,male,Seoul,Seodaemun-gu,24330
2020-01-01,11,20,female,Seoul,Seongbuk-gu,29570
2020-01-01,11,20,male,Seoul,Seongbuk-gu,30210
2020-01-01,11,20,female,Seoul,Seongdong-gu,20030
2020-01-01,11,20,male,Seoul,Seongdong-gu,21740
2020-01-01,11,20,female,Seoul,Songpa-gu,45730
2020-01-01,11,20,male,Seoul,Songpa-gu,45530
2020-01-01,11,20,female,Seoul,Yangcheon-gu,27100
2020-01-01,11,20,male,Seoul,Yangcheon-gu,30080
2020-01-01,11,20,female,Seoul,Yeongdeungpo-gu,29150
2020-01-01,11,20,male,Seoul,Yeongdeungpo-gu,29540
2020-01-01,11,20,female,Seoul,Yongsan-gu,18020
2020-01-01,11,20,male,Seoul,Yongsan-gu,17060
2020-01-01,12,20,female,Seoul,Dobong-gu,19230
2020-01-01,12,20,male,Seoul,Dobong-gu,21200
2020-01-01,12,20,female,Seoul,Dongdaemun-gu,24420
2020-01-01,12,20,male,Seoul,Dongdaemun-gu,27210
2020-01-01,12,20,female,Seoul,Dongjag-gu,29320
2020-01-01,12,20,male,Seoul,Dongjag-gu,31650
2020-01-01,12,20,female,Seoul,Eunpyeong-gu,27110
2020-01-01,12,20,male,Seoul,Eunpyeong-gu,27620
2020-01-01,12,20,female,Seoul,Gangbuk-gu,18260
2020-01-01,12,20,male,Seoul,Gangbuk-gu,20080
2020-01-01,12,20,female,Seoul,Gangdong-gu,26050
2020-01-01,12,20,male,Seoul,Gangdong-gu,29080
2020-01-01,12,20,female,Seoul,Gangnam-gu,46670
2020-01-01,12,20,male,Seoul,Gangnam-gu,43930
2020-01-01,12,20,female,Seoul,Gangseo-gu,38330
2020-01-01,12,20,male,Seoul,Gangseo-gu,38220
2020-01-01,12,20,female,Seoul,Geumcheon-gu,15400
2020-01-01,12,20,male,Seoul,Geumcheon-gu,17630
2020-01-01,12,20,female,Seoul,Guro-gu,26550
2020-01-01,12,20,male,Seoul,Guro-gu,27950
2020-01-01,12,20,female,Seoul,Gwanak-gu,39770
2020-01-01,12,20,male,Seoul,Gwanak-gu,43370
2020-01-01,12,20,female,Seoul,Gwangjin-gu,29140
2020-01-01,12,20,male,Seoul,Gwangjin-gu,29590
2020-01-01,12,20,female,Seoul,Jongno-gu,19550
2020-01-01,12,20,male,Seoul,Jongno-gu,18850
2020-01-01,12,20,female,Seoul,Jung-gu,16970
2020-01-01,12,20,male,Seoul,Jung-gu,15600
2020-01-01,12,20,female,Seoul,Jungnang-gu,24310
2020-01-01,12,20,male,Seoul,Jungnang-gu,25740
2020-01-01,12,20,female,Seoul,Mapo-gu,33330
2020-01-01,12,20,male,Seoul,Mapo-gu,30580
2020-01-01,12,20,female,Seoul,Nowon-gu,33090
2020-01-01,12,20,male,Seoul,Nowon-gu,37090
2020-01-01,12,20,female,Seoul,Seocho-gu,32330
2020-01-01,12,20,male,Seoul,Seocho-gu,30020
2020-01-01,12,20,female,Seoul,Seodaemun-gu,25220
2020-01-01,12,20,male,Seoul,Seodaemun-gu,24350
2020-01-01,12,20,female,Seoul,Seongbuk-gu,29150
2020-01-01,12,20,male,Seoul,Seongbuk-gu,30210
2020-01-01,12,20,female,Seoul,Seongdong-gu,19890
2020-01-01,12,20,male,Seoul,Seongdong-gu,21620
2020-01-01,12,20,female,Seoul,Songpa-gu,46360
2020-01-01,12,20,male,Seoul,Songpa-gu,46030
2020-01-01,12,20,female,Seoul,Yangcheon-gu,26860
2020-01-01,12,20,male,Seoul,Yangcheon-gu,29840
2020-01-01,12,20,female,Seoul,Yeongdeungpo-gu,29130
2020-01-01,12,20,male,Seoul,Yeongdeungpo-gu,29680
2020-01-01,12,20,female,Seoul,Yongsan-gu,18290
2020-01-01,12,20,male,Seoul,Yongsan-gu,17370
2020-01-01,13,20,female,Seoul,Dobong-gu,18840
2020-01-01,13,20,male,Seoul,Dobong-gu,20960
2020-01-01,13,20,female,Seoul,Dongdaemun-gu,24060
2020-01-01,13,20,male,Seoul,Dongdaemun-gu,26980
2020-01-01,13,20,female,Seoul,Dongjag-gu,29290
2020-01-01,13,20,male,Seoul,Dongjag-gu,31740
2020-01-01,13,20,female,Seoul,Eunpyeong-gu,26550
2020-01-01,13,20,male,Seoul,Eunpyeong-gu,27280
2020-01-01,13,20,female,Seoul,Gangbuk-gu,18130
2020-01-01,13,20,male,Seoul,Gangbuk-gu,19920
2020-01-01,13,20,female,Seoul,Gangdong-gu,25790
2020-01-01,13,20,male,Seoul,Gangdong-gu,28980
2020-01-01,13,20,female,Seoul,Gangnam-gu,47430
2020-01-01,13,20,male,Seoul,Gangnam-gu,44710
2020-01-01,13,20,female,Seoul,Gangseo-gu,38090
2020-01-01,13,20,male,Seoul,Gangseo-gu,38360
2020-01-01,13,20,female,Seoul,Geumcheon-gu,15360
2020-01-01,13,20,male,Seoul,Geumcheon-gu,17590
2020-01-01,13,20,female,Seoul,Guro-gu,25980
2020-01-01,13,20,male,Seoul,Guro-gu,27590
2020-01-01,13,20,female,Seoul,Gwanak-gu,39290
2020-01-01,13,20,male,Seoul,Gwanak-gu,43050
2020-01-01,13,20,female,Seoul,Gwangjin-gu,29310
2020-01-01,13,20,male,Seoul,Gwangjin-gu,30150
2020-01-01,13,20,female,Seoul,Jongno-gu,21700
2020-01-01,13,20,male,Seoul,Jongno-gu,19980
2020-01-01,13,20,female,Seoul,Jung-gu,18040
2020-01-01,13,20,male,Seoul,Jung-gu,16450
2020-01-01,13,20,female,Seoul,Jungnang-gu,23780
2020-01-01,13,20,male,Seoul,Jungnang-gu,25420
2020-01-01,13,20,female,Seoul,Mapo-gu,34510
2020-01-01,13,20,male,Seoul,Mapo-gu,31270
2020-01-01,13,20,female,Seoul,Nowon-gu,32740
2020-01-01,13,20,male,Seoul,Nowon-gu,37290
2020-01-01,13,20,female,Seoul,Seocho-gu,32660
2020-01-01,13,20,male,Seoul,Seocho-gu,30540
2020-01-01,13,20,female,Seoul,Seodaemun-gu,25280
2020-01-01,13,20,male,Seoul,Seodaemun-gu,24530
2020-01-01,13,20,female,Seoul,Seongbuk-gu,28850
2020-01-01,13,20,male,Seoul,Seongbuk-gu,29930
2020-01-01,13,20,female,Seoul,Seongdong-gu,20050
2020-01-01,13,20,male,Seoul,Seongdong-gu,21610
2020-01-01,13,20,female,Seoul,Songpa-gu,47310
2020-01-01,13,20,male,Seoul,Songpa-gu,46790
2020-01-01,13,20,female,Seoul,Yangcheon-gu,26420
2020-01-01,13,20,male,Seoul,Yangcheon-gu,29500
2020-01-01,13,20,female,Seoul,Yeongdeungpo-gu,29580
2020-01-01,13,20,male,Seoul,Yeongdeungpo-gu,30120
2020-01-01,13,20,female,Seoul,Yongsan-gu,18910
2020-01-01,13,20,male,Seoul,Yongsan-gu,17640
2020-01-01,14,20,female,Seoul,Dobong-gu,18400
2020-01-01,14,20,male,Seoul,Dobong-gu,20610
2020-01-01,14,20,female,Seoul,Dongdaemun-gu,23860
2020-01-01,14,20,male,Seoul,Dongdaemun-gu,26780
2020-01-01,14,20,female,Seoul,Dongjag-gu,29170
2020-01-01,14,20,male,Seoul,Dongjag-gu,32030
2020-01-01,14,20,female,Seoul,Eunpyeong-gu,26090
2020-01-01,14,20,male,Seoul,Eunpyeong-gu,27040
2020-01-01,14,20,female,Seoul,Gangbuk-gu,17960
2020-01-01,14,20,male,Seoul,Gangbuk-gu,19900
2020-01-01,14,20,female,Seoul,Gangdong-gu,25710
2020-01-01,14,20,male,Seoul,Gangdong-gu,28850
2020-01-01,14,20,female,Seoul,Gangnam-gu,48600
2020-01-01,14,20,male,Seoul,Gangnam-gu,45840
2020-01-01,14,20,female,Seoul,Gangseo-gu,37500
2020-01-01,14,20,male,Seoul,Gangseo-gu,38050
2020-01-01,14,20,female,Seoul,Geumcheon-gu,15330
2020-01-01,14,20,male,Seoul,Geumcheon-gu,17590
2020-01-01,14,20,female,Seoul,Guro-gu,25480
2020-01-01,14,20,male,Seoul,Guro-gu,27550
2020-01-01,14,20,female,Seoul,Gwanak-gu,38830
2020-01-01,14,20,male,Seoul,Gwanak-gu,42770
2020-01-01,14,20,female,Seoul,Gwangjin-gu,29470
2020-01-01,14,20,male,Seoul,Gwangjin-gu,30560
2020-01-01,14,20,female,Seoul,Jongno-gu,23200
2020-01-01,14,20,male,Seoul,Jongno-gu,21000
2020-01-01,14,20,female,Seoul,Jung-gu,18660
2020-01-01,14,20,male,Seoul,Jung-gu,16550
2020-01-01,14,20,female,Seoul,Jungnang-gu,23310
2020-01-01,14,20,male,Seoul,Jungnang-gu,24870
2020-01-01,14,20,female,Seoul,Mapo-gu,35960
2020-01-01,14,20,male,Seoul,Mapo-gu,32450
2020-01-01,14,20,female,Seoul,Nowon-gu,32500
2020-01-01,14,20,male,Seoul,Nowon-gu,37230
2020-01-01,14,20,female,Seoul,Seocho-gu,33380
2020-01-01,14,20,male,Seoul,Seocho-gu,30940
2020-01-01,14,20,female,Seoul,Seodaemun-gu,25190
2020-01-01,14,20,male,Seoul,Seodaemun-gu,24550
2020-01-01,14,20,female,Seoul,Seongbuk-gu,28620
2020-01-01,14,20,male,Seoul,Seongbuk-gu,29690
2020-01-01,14,20,female,Seoul,Seongdong-gu,20260
2020-01-01,14,20,male,Seoul,Seongdong-gu,21710
2020-01-01,14,20,female,Seoul,Songpa-gu,47800
2020-01-01,14,20,male,Seoul,Songpa-gu,47580
2020-01-01,14,20,female,Seoul,Yangcheon-gu,26080
2020-01-01,14,20,male,Seoul,Yangcheon-gu,29330
2020-01-01,14,20,female,Seoul,Yeongdeungpo-gu,30380
2020-01-01,14,20,male,Seoul,Yeongdeungpo-gu,30210
2020-01-01,14,20,female,Seoul,Yongsan-gu,19690
2020-01-01,14,20,male,Seoul,Yongsan-gu,18110
2020-01-01,15,20,female,Seoul,Dobong-gu,18040
2020-01-01,15,20,male,Seoul,Dobong-gu,20300
2020-01-01,15,20,female,Seoul,Dongdaemun-gu,23410
2020-01-01,15,20,male,Seoul,Dongdaemun-gu,26550
2020-01-01,15,20,female,Seoul,Dongjag-gu,28780
2020-01-01,15,20,male,Seoul,Dongjag-gu,31960
2020-01-01,15,20,female,Seoul,Eunpyeong-gu,25900
2020-01-01,15,20,male,Seoul,Eunpyeong-gu,26960
2020-01-01,15,20,female,Seoul,Gangbuk-gu,17810
2020-01-01,15,20,male,Seoul,Gangbuk-gu,19680
2020-01-01,15,20,female,Seoul,Gangdong-gu,25570
2020-01-01,15,20,male,Seoul,Gangdong-gu,28670
2020-01-01,15,20,female,Seoul,Gangnam-gu,49560
2020-01-01,15,20,male,Seoul,Gangnam-gu,46790
2020-01-01,15,20,female,Seoul,Gangseo-gu,37420
2020-01-01,15,20,male,Seoul,Gangseo-gu,37730
2020-01-01,15,20,female,Seoul,Geumcheon-gu,15430
2020-01-01,15,20,male,Seoul,Geumcheon-gu,17730
2020-01-01,15,20,female,Seoul,Guro-gu,24770
2020-01-01,15,20,male,Seoul,Guro-gu,27100
2020-01-01,15,20,female,Seoul,Gwanak-gu,38630
2020-01-01,15,20,male,Seoul,Gwanak-gu,42650
2020-01-01,15,20,female,Seoul,Gwangjin-gu,29700
2020-01-01,15,20,male,Seoul,Gwangjin-gu,30890
2020-01-01,15,20,female,Seoul,Jongno-gu,24510
2020-01-01,15,20,male,Seoul,Jongno-gu,21830
2020-01-01,15,20,female,Seoul,Jung-gu,19500
2020-01-01,15,20,male,Seoul,Jung-gu,17420
2020-01-01,15,20,female,Seoul,Jungnang-gu,23250
2020-01-01,15,20,male,Seoul,Jungnang-gu,24620
2020-01-01,15,20,female,Seoul,Mapo-gu,37600
2020-01-01,15,20,male,Seoul,Mapo-gu,33750
2020-01-01,15,20,female,Seoul,Nowon-gu,32630
2020-01-01,15,20,male,Seoul,Nowon-gu,37280
2020-01-01,15,20,female,Seoul,Seocho-gu,33900
2020-01-01,15,20,male,Seoul,Seocho-gu,31210
2020-01-01,15,20,female,Seoul,Seodaemun-gu,25310
2020-01-01,15,20,male,Seoul,Seodaemun-gu,24880
2020-01-01,15,20,female,Seoul,Seongbuk-gu,28320
2020-01-01,15,20,male,Seoul,Seongbuk-gu,29600
2020-01-01,15,20,female,Seoul,Seongdong-gu,20410
2020-01-01,15,20,male,Seoul,Seongdong-gu,21950
2020-01-01,15,20,female,Seoul,Songpa-gu,49120
2020-01-01,15,20,male,Seoul,Songpa-gu,48210
2020-01-01,15,20,female,Seoul,Yangcheon-gu,25800
2020-01-01,15,20,male,Seoul,Yangcheon-gu,29170
2020-01-01,15,20,female,Seoul,Yeongdeungpo-gu,30950
2020-01-01,15,20,male,Seoul,Yeongdeungpo-gu,30750
2020-01-01,15,20,female,Seoul,Yongsan-gu,20650
2020-01-01,15,20,male,Seoul,Yongsan-gu,18470
2020-01-01,16,20,female,Seoul,Dobong-gu,17900
2020-01-01,16,20,male,Seoul,Dobong-gu,20100
2020-01-01,16,20,female,Seoul,Dongdaemun-gu,23280
2020-01-01,16,20,male,Seoul,Dongdaemun-gu,26440
2020-01-01,16,20,female,Seoul,Dongjag-gu,28580
2020-01-01,16,20,male,Seoul,Dongjag-gu,31660
2020-01-01,16,20,female,Seoul,Eunpyeong-gu,25920
2020-01-01,16,20,male,Seoul,Eunpyeong-gu,26860
2020-01-01,16,20,female,Seoul,Gangbuk-gu,17770
2020-01-01,16,20,male,Seoul,Gangbuk-gu,19700
2020-01-01,16,20,female,Seoul,Gangdong-gu,25590
2020-01-01,16,20,male,Seoul,Gangdong-gu,28730
2020-01-01,16,20,female,Seoul,Gangnam-gu,50030
2020-01-01,16,20,male,Seoul,Gangnam-gu,47170
2020-01-01,16,20,female,Seoul,Gangseo-gu,37210
2020-01-01,16,20,male,Seoul,Gangseo-gu,37880
2020-01-01,16,20,female,Seoul,Geumcheon-gu,15460
2020-01-01,16,20,male,Seoul,Geumcheon-gu,17700
2020-01-01,16,20,female,Seoul,Guro-gu,24930
2020-01-01,16,20,male,Seoul,Guro-gu,27220
2020-01-01,16,20,female,Seoul,Gwanak-gu,39060
2020-01-01,16,20,male,Seoul,Gwanak-gu,42580
2020-01-01,16,20,female,Seoul,Gwangjin-gu,30320
2020-01-01,16,20,male,Seoul,Gwangjin-gu,31190
2020-01-01,16,20,female,Seoul,Jongno-gu,24940
2020-01-01,16,20,male,Seoul,Jongno-gu,22150
2020-01-01,16,20,female,Seoul,Jung-gu,19890
2020-01-01,16,20,male,Seoul,Jung-gu,17670
2020-01-01,16,20,female,Seoul,Jungnang-gu,23320
2020-01-01,16,20,male,Seoul,Jungnang-gu,24630
2020-01-01,16,20,female,Seoul,Mapo-gu,39150
2020-01-01,16,20,male,Seoul,Mapo-gu,34860
2020-01-01,16,20,female,Seoul,Nowon-gu,32840
2020-01-01,16,20,male,Seoul,Nowon-gu,37560
2020-01-01,16,20,female,Seoul,Seocho-gu,33990
2020-01-01,16,20,male,Seoul,Seocho-gu,31880
2020-01-01,16,20,female,Seoul,Seodaemun-gu,25710
2020-01-01,16,20,male,Seoul,Seodaemun-gu,25180
2020-01-01,16,20,female,Seoul,Seongbuk-gu,28330
2020-01-01,16,20,male,Seoul,Seongbuk-gu,29380
2020-01-01,16,20,female,Seoul,Seongdong-gu,20570
2020-01-01,16,20,male,Seoul,Seongdong-gu,22310
2020-01-01,16,20,female,Seoul,Songpa-gu,49640
2020-01-01,16,20,male,Seoul,Songpa-gu,48840
2020-01-01,16,20,female,Seoul,Yangcheon-gu,25730
2020-01-01,16,20,male,Seoul,Yangcheon-gu,29210
2020-01-01,16,20,female,Seoul,Yeongdeungpo-gu,31540
2020-01-01,16,20,male,Seoul,Yeongdeungpo-gu,31140
2020-01-01,16,20,female,Seoul,Yongsan-gu,20420
2020-01-01,16,20,male,Seoul,Yongsan-gu,18390
2020-01-01,17,20,female,Seoul,Dobong-gu,17870
2020-01-01,17,20,male,Seoul,Dobong-gu,20010
2020-01-01,17,20,female,Seoul,Dongdaemun-gu,23570
2020-01-01,17,20,male,Seoul,Dongdaemun-gu,26630
2020-01-01,17,20,female,Seoul,Dongjag-gu,28760
2020-01-01,17,20,male,Seoul,Dongjag-gu,31770
2020-01-01,17,20,female,Seoul,Eunpyeong-gu,26120
2020-01-01,17,20,male,Seoul,Eunpyeong-gu,26730
2020-01-01,17,20,female,Seoul,Gangbuk-gu,18080
2020-01-01,17,20,male,Seoul,Gangbuk-gu,19660
2020-01-01,17,20,female,Seoul,Gangdong-gu,25790
2020-01-01,17,20,male,Seoul,Gangdong-gu,28830
2020-01-01,17,20,female,Seoul,Gangnam-gu,50530
2020-01-01,17,20,male,Seoul,Gangnam-gu,47540
2020-01-01,17,20,female,Seoul,Gangseo-gu,37550
2020-01-01,17,20,male,Seoul,Gangseo-gu,38050
2020-01-01,17,20,female,Seoul,Geumcheon-gu,15590
2020-01-01,17,20,male,Seoul,Geumcheon-gu,17800
2020-01-01,17,20,female,Seoul,Guro-gu,25320
2020-01-01,17,20,male,Seoul,Guro-gu,27320
2020-01-01,17,20,female,Seoul,Gwanak-gu,39500
2020-01-01,17,20,male,Seoul,Gwanak-gu,42780
2020-01-01,17,20,female,Seoul,Gwangjin-gu,30880
2020-01-01,17,20,male,Seoul,Gwangjin-gu,31580
2020-01-01,17,20,female,Seoul,Jongno-gu,24770
2020-01-01,17,20,male,Seoul,Jongno-gu,21910
2020-01-01,17,20,female,Seoul,Jung-gu,19310
2020-01-01,17,20,male,Seoul,Jung-gu,17960
2020-01-01,17,20,female,Seoul,Jungnang-gu,23410
2020-01-01,17,20,male,Seoul,Jungnang-gu,24420
2020-01-01,17,20,female,Seoul,Mapo-gu,40130
2020-01-01,17,20,male,Seoul,Mapo-gu,35820
2020-01-01,17,20,female,Seoul,Nowon-gu,33440
2020-01-01,17,20,male,Seoul,Nowon-gu,37940
2020-01-01,17,20,female,Seoul,Seocho-gu,34070
2020-01-01,17,20,male,Seoul,Seocho-gu,32100
2020-01-01,17,20,female,Seoul,Seodaemun-gu,25650
2020-01-01,17,20,male,Seoul,Seodaemun-gu,25190
2020-01-01,17,20,female,Seoul,Seongbuk-gu,28140
2020-01-01,17,20,male,Seoul,Seongbuk-gu,29340
2020-01-01,17,20,female,Seoul,Seongdong-gu,20520
2020-01-01,17,20,male,Seoul,Seongdong-gu,22440
2020-01-01,17,20,female,Seoul,Songpa-gu,49800
2020-01-01,17,20,male,Seoul,Songpa-gu,48900
2020-01-01,17,20,female,Seoul,Yangcheon-gu,25930
2020-01-01,17,20,male,Seoul,Yangcheon-gu,29520
2020-01-01,17,20,female,Seoul,Yeongdeungpo-gu,31420
2020-01-01,17,20,male,Seoul,Yeongdeungpo-gu,30900
2020-01-01,17,20,female,Seoul,Yongsan-gu,20640
2020-01-01,17,20,male,Seoul,Yongsan-gu,18520
2020-01-01,18,20,female,Seoul,Dobong-gu,18200
2020-01-01,18,20,male,Seoul,Dobong-gu,20020
2020-01-01,18,20,female,Seoul,Dongdaemun-gu,23730
2020-01-01,18,20,male,Seoul,Dongdaemun-gu,26540
2020-01-01,18,20,female,Seoul,Dongjag-gu,29240
2020-01-01,18,20,male,Seoul,Dongjag-gu,32120
2020-01-01,18,20,female,Seoul,Eunpyeong-gu,26350
2020-01-01,18,20,male,Seoul,Eunpyeong-gu,26810
2020-01-01,18,20,female,Seoul,Gangbuk-gu,18400
2020-01-01,18,20,male,Seoul,Gangbuk-gu,20100
2020-01-01,18,20,female,Seoul,Gangdong-gu,26220
2020-01-01,18,20,male,Seoul,Gangdong-gu,29150
2020-01-01,18,20,female,Seoul,Gangnam-gu,49950
2020-01-01,18,20,male,Seoul,Gangnam-gu,47210
2020-01-01,18,20,female,Seoul,Gangseo-gu,37670
2020-01-01,18,20,male,Seoul,Gangseo-gu,38040
2020-01-01,18,20,female,Seoul,Geumcheon-gu,15460
2020-01-01,18,20,male,Seoul,Geumcheon-gu,17760
2020-01-01,18,20,female,Seoul,Guro-gu,25620
2020-01-01,18,20,male,Seoul,Guro-gu,27180
2020-01-01,18,20,female,Seoul,Gwanak-gu,40170
2020-01-01,18,20,male,Seoul,Gwanak-gu,43180
2020-01-01,18,20,female,Seoul,Gwangjin-gu,31490
2020-01-01,18,20,male,Seoul,Gwangjin-gu,32190
2020-01-01,18,20,female,Seoul,Jongno-gu,23580
2020-01-01,18,20,male,Seoul,Jongno-gu,21590
2020-01-01,18,20,female,Seoul,Jung-gu,18320
2020-01-01,18,20,male,Seoul,Jung-gu,17340
2020-01-01,18,20,female,Seoul,Jungnang-gu,23530
2020-01-01,18,20,male,Seoul,Jungnang-gu,24790
2020-01-01,18,20,female,Seoul,Mapo-gu,40160
2020-01-01,18,20,male,Seoul,Mapo-gu,35910
2020-01-01,18,20,female,Seoul,Nowon-gu,33900
2020-01-01,18,20,male,Seoul,Nowon-gu,38080
2020-01-01,18,20,female,Seoul,Seocho-gu,33390
2020-01-01,18,20,male,Seoul,Seocho-gu,31780
2020-01-01,18,20,female,Seoul,Seodaemun-gu,26150
2020-01-01,18,20,male,Seoul,Seodaemun-gu,25690
2020-01-01,18,20,female,Seoul,Seongbuk-gu,28650
2020-01-01,18,20,male,Seoul,Seongbuk-gu,29770
2020-01-01,18,20,female,Seoul,Seongdong-gu,20840
2020-01-01,18,20,male,Seoul,Seongdong-gu,22340
2020-01-01,18,20,female,Seoul,Songpa-gu,49510
2020-01-01,18,20,male,Seoul,Songpa-gu,49140
2020-01-01,18,20,female,Seoul,Yangcheon-gu,26430
2020-01-01,18,20,male,Seoul,Yangcheon-gu,29780
2020-01-01,18,20,female,Seoul,Yeongdeungpo-gu,31270
2020-01-01,18,20,male,Seoul,Yeongdeungpo-gu,30900
2020-01-01,18,20,female,Seoul,Yongsan-gu,20360
2020-01-01,18,20,male,Seoul,Yongsan-gu,18350
2020-01-01,19,20,female,Seoul,Dobong-gu,18660
2020-01-01,19,20,male,Seoul,Dobong-gu,20160
2020-01-01,19,20,female,Seoul,Dongdaemun-gu,24420
2020-01-01,19,20,male,Seoul,Dongdaemun-gu,26840
2020-01-01,19,20,female,Seoul,Dongjag-gu,29650
2020-01-01,19,20,male,Seoul,Dongjag-gu,32300
2020-01-01,19,20,female,Seoul,Eunpyeong-gu,26960
2020-01-01,19,20,male,Seoul,Eunpyeong-gu,27110
2020-01-01,19,20,female,Seoul,Gangbuk-gu,18780
2020-01-01,19,20,male,Seoul,Gangbuk-gu,20570
2020-01-01,19,20,female,Seoul,Gangdong-gu,26770
2020-01-01,19,20,male,Seoul,Gangdong-gu,29720
2020-01-01,19,20,female,Seoul,Gangnam-gu,48520
2020-01-01,19,20,male,Seoul,Gangnam-gu,46660
2020-01-01,19,20,female,Seoul,Gangseo-gu,38010
2020-01-01,19,20,male,Seoul,Gangseo-gu,38150
2020-01-01,19,20,female,Seoul,Geumcheon-gu,15400
2020-01-01,19,20,male,Seoul,Geumcheon-gu,17530
2020-01-01,19,20,female,Seoul,Guro-gu,25890
2020-01-01,19,20,male,Seoul,Guro-gu,27520
2020-01-01,19,20,female,Seoul,Gwanak-gu,41320
2020-01-01,19,20,male,Seoul,Gwanak-gu,43900
2020-01-01,19,20,female,Seoul,Gwangjin-gu,31950
2020-01-01,19,20,male,Seoul,Gwangjin-gu,32400
2020-01-01,19,20,female,Seoul,Jongno-gu,22100
2020-01-01,19,20,male,Seoul,Jongno-gu,20530
2020-01-01,19,20,female,Seoul,Jung-gu,17180
2020-01-01,19,20,male,Seoul,Jung-gu,16410
2020-01-01,19,20,female,Seoul,Jungnang-gu,24000
2020-01-01,19,20,male,Seoul,Jungnang-gu,25180
2020-01-01,19,20,female,Seoul,Mapo-gu,39490
2020-01-01,19,20,male,Seoul,Mapo-gu,35910
2020-01-01,19,20,female,Seoul,Nowon-gu,34410
2020-01-01,19,20,male,Seoul,Nowon-gu,38210
2020-01-01,19,20,female,Seoul,Seocho-gu,33910
2020-01-01,19,20,male,Seoul,Seocho-gu,31780
2020-01-01,19,20,female,Seoul,Seodaemun-gu,26290
2020-01-01,19,20,male,Seoul,Seodaemun-gu,25850
2020-01-01,19,20,female,Seoul,Seongbuk-gu,29100
2020-01-01,19,20,male,Seoul,Seongbuk-gu,29860
2020-01-01,19,20,female,Seoul,Seongdong-gu,21020
2020-01-01,19,20,male,Seoul,Seongdong-gu,22590
2020-01-01,19,20,female,Seoul,Songpa-gu,48700
2020-01-01,19,20,male,Seoul,Songpa-gu,48280
2020-01-01,19,20,female,Seoul,Yangcheon-gu,26860
2020-01-01,19,20,male,Seoul,Yangcheon-gu,29930
2020-01-01,19,20,female,Seoul,Yeongdeungpo-gu,31060
2020-01-01,19,20,male,Seoul,Yeongdeungpo-gu,30540
2020-01-01,19,20,female,Seoul,Yongsan-gu,20100
2020-01-01,19,20,male,Seoul,Yongsan-gu,18320
2020-01-01,20,20,female,Seoul,Dobong-gu,19000
2020-01-01,20,20,male,Seoul,Dobong-gu,20260
2020-01-01,20,20,female,Seoul,Dongdaemun-gu,25170
2020-01-01,20,20,male,Seoul,Dongdaemun-gu,27410
2020-01-01,20,20,female,Seoul,Dongjag-gu,30760
2020-01-01,20,20,male,Seoul,Dongjag-gu,32660
2020-01-01,20,20,female,Seoul,Eunpyeong-gu,27610
2020-01-01,20,20,male,Seoul,Eunpyeong-gu,27580
2020-01-01,20,20,female,Seoul,Gangbuk-gu,19210
2020-01-01,20,20,male,Seoul,Gangbuk-gu,20720
2020-01-01,20,20,female,Seoul,Gangdong-gu,27500
2020-01-01,20,20,male,Seoul,Gangdong-gu,30060
2020-01-01,20,20,female,Seoul,Gangnam-gu,47350
2020-01-01,20,20,male,Seoul,Gangnam-gu,45920
2020-01-01,20,20,female,Seoul,Gangseo-gu,38110
2020-01-01,20,20,male,Seoul,Gangseo-gu,38120
2020-01-01,20,20,female,Seoul,Geumcheon-gu,15560
2020-01-01,20,20,male,Seoul,Geumcheon-gu,17620
2020-01-01,20,20,female,Seoul,Guro-gu,26750
2020-01-01,20,20,male,Seoul,Guro-gu,28070
2020-01-01,20,20,female,Seoul,Gwanak-gu,42660
2020-01-01,20,20,male,Seoul,Gwanak-gu,44560
2020-01-01,20,20,female,Seoul,Gwangjin-gu,32440
2020-01-01,20,20,male,Seoul,Gwangjin-gu,32660
2020-01-01,20,20,female,Seoul,Jongno-gu,20080
2020-01-01,20,20,male,Seoul,Jongno-gu,19370
2020-01-01,20,20,female,Seoul,Jung-gu,15640
2020-01-01,20,20,male,Seoul,Jung-gu,15020
2020-01-01,20,20,female,Seoul,Jungnang-gu,24500
2020-01-01,20,20,male,Seoul,Jungnang-gu,25510
2020-01-01,20,20,female,Seoul,Mapo-gu,38500
2020-01-01,20,20,male,Seoul,Mapo-gu,35380
2020-01-01,20,20,female,Seoul,Nowon-gu,35050
2020-01-01,20,20,male,Seoul,Nowon-gu,38620
2020-01-01,20,20,female,Seoul,Seocho-gu,33310
2020-01-01,20,20,male,Seoul,Seocho-gu,31450
2020-01-01,20,20,female,Seoul,Seodaemun-gu,26340
2020-01-01,20,20,male,Seoul,Seodaemun-gu,26170
2020-01-01,20,20,female,Seoul,Seongbuk-gu,29950
2020-01-01,20,20,male,Seoul,Seongbuk-gu,30580
2020-01-01,20,20,female,Seoul,Seongdong-gu,21160
2020-01-01,20,20,male,Seoul,Seongdong-gu,22520
2020-01-01,20,20,female,Seoul,Songpa-gu,47600
2020-01-01,20,20,male,Seoul,Songpa-gu,47550
2020-01-01,20,20,female,Seoul,Yangcheon-gu,27680
2020-01-01,20,20,male,Seoul,Yangcheon-gu,30210
2020-01-01,20,20,female,Seoul,Yeongdeungpo-gu,30240
2020-01-01,20,20,male,Seoul,Yeongdeungpo-gu,29590
2020-01-01,20,20,female,Seoul,Yongsan-gu,19850
2020-01-01,20,20,male,Seoul,Yongsan-gu,18060
2020-01-01,21,20,female,Seoul,Dobong-gu,19780
2020-01-01,21,20,male,Seoul,Dobong-gu,20940
2020-01-01,21,20,female,Seoul,Dongdaemun-gu,26080
2020-01-01,21,20,male,Seoul,Dongdaemun-gu,28030
2020-01-01,21,20,female,Seoul,Dongjag-gu,31070
2020-01-01,21,20,male,Seoul,Dongjag-gu,32550
2020-01-01,21,20,female,Seoul,Eunpyeong-gu,28450
2020-01-01,21,20,male,Seoul,Eunpyeong-gu,28180
2020-01-01,21,20,female,Seoul,Gangbuk-gu,19660
2020-01-01,21,20,male,Seoul,Gangbuk-gu,20920
2020-01-01,21,20,female,Seoul,Gangdong-gu,28040
2020-01-01,21,20,male,Seoul,Gangdong-gu,30120
2020-01-01,21,20,female,Seoul,Gangnam-gu,45430
2020-01-01,21,20,male,Seoul,Gangnam-gu,44090
2020-01-01,21,20,female,Seoul,Gangseo-gu,38640
2020-01-01,21,20,male,Seoul,Gangseo-gu,38560
2020-01-01,21,20,female,Seoul,Geumcheon-gu,15690
2020-01-01,21,20,male,Seoul,Geumcheon-gu,17600
2020-01-01,21,20,female,Seoul,Guro-gu,27540
2020-01-01,21,20,male,Seoul,Guro-gu,28240
2020-01-01,21,20,female,Seoul,Gwanak-gu,44120
2020-01-01,21,20,male,Seoul,Gwanak-gu,45780
2020-01-01,21,20,female,Seoul,Gwangjin-gu,32210
2020-01-01,21,20,male,Seoul,Gwangjin-gu,32340
2020-01-01,21,20,female,Seoul,Jongno-gu,17460
2020-01-01,21,20,male,Seoul,Jongno-gu,17880
2020-01-01,21,20,female,Seoul,Jung-gu,13710
2020-01-01,21,20,male,Seoul,Jung-gu,13500
2020-01-01,21,20,female,Seoul,Jungnang-gu,25440
2020-01-01,21,20,male,Seoul,Jungnang-gu,26040
2020-01-01,21,20,female,Seoul,Mapo-gu,36480
2020-01-01,21,20,male,Seoul,Mapo-gu,34530
2020-01-01,21,20,female,Seoul,Nowon-gu,35650
2020-01-01,21,20,male,Seoul,Nowon-gu,39140
2020-01-01,21,20,female,Seoul,Seocho-gu,32390
2020-01-01,21,20,male,Seoul,Seocho-gu,30600
2020-01-01,21,20,female,Seoul,Seodaemun-gu,26820
2020-01-01,21,20,male,Seoul,Seodaemun-gu,26100
2020-01-01,21,20,female,Seoul,Seongbuk-gu,30990
2020-01-01,21,20,male,Seoul,Seongbuk-gu,31090
2020-01-01,21,20,female,Seoul,Seongdong-gu,21230
2020-01-01,21,20,male,Seoul,Seongdong-gu,22260
2020-01-01,21,20,female,Seoul,Songpa-gu,46280
2020-01-01,21,20,male,Seoul,Songpa-gu,46950
2020-01-01,21,20,female,Seoul,Yangcheon-gu,28290
2020-01-01,21,20,male,Seoul,Yangcheon-gu,30540
2020-01-01,21,20,female,Seoul,Yeongdeungpo-gu,29840
2020-01-01,21,20,male,Seoul,Yeongdeungpo-gu,29090
2020-01-01,21,20,female,Seoul,Yongsan-gu,19140
2020-01-01,21,20,male,Seoul,Yongsan-gu,17520
2020-01-01,22,20,female,Seoul,Dobong-gu,20740
2020-01-01,22,20,male,Seoul,Dobong-gu,21660
2020-01-01,22,20,female,Seoul,Dongdaemun-gu,26940
2020-01-01,22,20,male,Seoul,Dongdaemun-gu,28900
2020-01-01,22,20,female,Seoul,Dongjag-gu,31580
2020-01-01,22,20,male,Seoul,Dongjag-gu,32640
2020-01-01,22,20,female,Seoul,Eunpyeong-gu,29310
2020-01-01,22,20,male,Seoul,Eunpyeong-gu,28870
2020-01-01,22,20,female,Seoul,Gangbuk-gu,20050
2020-01-01,22,20,male,Seoul,Gangbuk-gu,21120
2020-01-01,22,20,female,Seoul,Gangdong-gu,28300
2020-01-01,22,20,male,Seoul,Gangdong-gu,30800
2020-01-01,22,20,female,Seoul,Gangnam-gu,42120
2020-01-01,22,20,male,Seoul,Gangnam-gu,41500
2020-01-01,22,20,female,Seoul,Gangseo-gu,39440
2020-01-01,22,20,male,Seoul,Gangseo-gu,38740
2020-01-01,22,20,female,Seoul,Geumcheon-gu,16030
2020-01-01,22,20,male,Seoul,Geumcheon-gu,17810
2020-01-01,22,20,female,Seoul,Guro-gu,28700
2020-01-01,22,20,male,Seoul,Guro-gu,29320
2020-01-01,22,20,female,Seoul,Gwanak-gu,45420
2020-01-01,22,20,male,Seoul,Gwanak-gu,46860
2020-01-01,22,20,female,Seoul,Gwangjin-gu,31960
2020-01-01,22,20,male,Seoul,Gwangjin-gu,31450
2020-01-01,22,20,female,Seoul,Jongno-gu,15370
2020-01-01,22,20,male,Seoul,Jongno-gu,16130
2020-01-01,22,20,female,Seoul,Jung-gu,11420
2020-01-01,22,20,male,Seoul,Jung-gu,11750
2020-01-01,22,20,female,Seoul,Jungnang-gu,26410
2020-01-01,22,20,male,Seoul,Jungnang-gu,26770
2020-01-01,22,20,female,Seoul,Mapo-gu,34040
2020-01-01,22,20,male,Seoul,Mapo-gu,32920
2020-01-01,22,20,female,Seoul,Nowon-gu,36310
2020-01-01,22,20,male,Seoul,Nowon-gu,39690
